resource_file	old_key	new_key
additional.xml	native_6105d073235d	app_icon_description
additional.xml	native_da6342b0559e	artwork_unavailable_message
additional.xml	native_e48ee849eaa6	cast_control_failed_notice
additional.xml	native_035207ad951a	cast_playback_failed_notice
additional.xml	native_a9b92e036b92	common_available_after_reading
additional.xml	native_e381a5763d5f	common_copied
additional.xml	native_feecb1e6adec	common_exit
additional.xml	native_e88ab5ba616a	common_synced
additional.xml	native_3094f17b451d	crash_desktop_report_instructions
additional.xml	native_800617405c9a	crash_report_title
additional.xml	native_98fb6e512abe	desktop_lyrics_close_description
additional.xml	native_789c6ac3e005	desktop_lyrics_loading
additional.xml	native_7ee6c0cd0e8d	desktop_lyrics_unavailable
additional.xml	native_3e79b7ce7783	equalizer_apply_failed
additional.xml	native_afb5acb47e77	equalizer_device_unsupported
additional.xml	native_4eafe1e87eac	equalizer_playback_required
additional.xml	native_2be3088c669f	folder_picker_internal_storage
additional.xml	native_d431451b99c4	folder_picker_usb_drive_named
additional.xml	native_95c6c72fd355	playback_audio_open_failed
additional.xml	native_2afeb7e9150a	renderer_waiting_for_cast
additional.xml	native_1be8e5c2387d	source_ios_files_index_label
additional.xml	native_e938b29d23c6	source_navidrome_label
additional.xml	native_d7defc076854	startup_app_starting
additional.xml	native_409285d1fce0	tags_avfoundation_read_only_label
common.xml	ui_about_lynmusic_6d749a	about_app_title
common.xml	ui_count__97f377	about_author_name
common.xml	ui_build_time_ced331	about_build_time
common.xml	ui_developer_3e1274	about_developer_label
common.xml	ui_about_this_device_067191	about_device_title
common.xml	ui_about_e6772f	about_named_app
common.xml	ui_project_website_eba648	about_project_website
common.xml	ui_version_5d55e2	about_version
common.xml	ui_wechat_official_account_5f6219	about_wechat_account
common.xml	ui_scan_the_qr_code_to_follow_updates_and_join_the_conversation_e66316	about_wechat_follow_hint
common.xml	ui_wechat_qr_code_ac877e	about_wechat_qr_code
common.xml	ui_from_an_external_cast_session_108992	cast_external_session_label
common.xml	ui_allow_casting_the_next_song_while_the_app_is_in_the_background_2c079c	cast_notification_permission_description
common.xml	ui_allow_casting_notifications_6a2a37	cast_notification_permission_title
common.xml	ui_account_901384	common_account
common.xml	ui_albums_b34b2f	common_album_count
common.xml	ui_all_778fc8	common_all
common.xml	ui_apply_456202	common_apply
common.xml	ui_artist_3c0adc	common_artist
common.xml	ui_back_11d024	common_back
common.xml	ui_basic_information_b122f8	common_basic_information
common.xml	ui_calculating_40ab4a	common_calculating
common.xml	ui_cancel_4d0b46	common_cancel
common.xml	ui_checking_9908c9	common_checking
common.xml	ui_clear_7b15e5	common_clean_up
common.xml	ui_clear_84fcd7	common_clear
common.xml	ui_close_6c14bd	common_close
common.xml	ui_ok_f526c8	common_confirm
common.xml	ui_continue_1fc1af	common_continue
common.xml	ui_custom_c49333	common_custom
common.xml	ui_disable_d989e5	common_deactivate
common.xml	ui_delete_3755f5	common_delete
common.xml	ui_deselect_all_78fe5b	common_deselect_all
common.xml	ui_disable_be70be	common_disable
common.xml	ui_disabled_0fe5a9	common_disabled
common.xml	ui_download_2b9d01	common_download
common.xml	ui_edit_a7f814	common_edit
common.xml	ui_enable_d4e9ca	common_enable
common.xml	ui_enabled_25d284	common_enabled
common.xml	ui_exit_app_f6548d	common_exit_app
common.xml	ui_got_it_cb63c6	common_got_it
common.xml	ui_disabled_6c7dcb	common_inactive
common.xml	ui_lines_e8761c	common_line_count
common.xml	ui_more_9b0c6c	common_more
common.xml	ui_more_actions_77836d	common_more_actions
common.xml	ui_name_1be7ae	common_name
common.xml	ui_not_read_yet_3a53c0	common_not_read
common.xml	ui_original_a55afe	common_original
common.xml	ui_password_c839a8	common_password
common.xml	ui_path_9132e0	common_path
common.xml	ui_port_6cbb73	common_port
common.xml	ui_processing_fcb979	common_processing
common.xml	ui_refresh_38108e	common_refresh
common.xml	ui_refreshing_d47379	common_refreshing
common.xml	ui_rescan_d5847a	common_rescan
common.xml	ui_reset_3d8134	common_reset
common.xml	ui_retry_e2d53a	common_retry
common.xml	ui_save_fadf24	common_save
common.xml	ui_search_f04090	common_search
common.xml	ui_searching_ab0501	common_searching
common.xml	ui_select_all_3e44b2	common_select_all
common.xml	ui_select_e1da66	common_select_named_item
common.xml	ui_server_address_2eb291	common_server_address
common.xml	ui_syncing_04816d	common_syncing
common.xml	ui_title_748d7d	common_title
common.xml	ui_songs_778b7b	common_track_count
common.xml	ui_songs_080087	common_track_count_short
common.xml	ui_unavailable_beff4a	common_unavailable
common.xml	ui_unknown_d9c32a	common_unknown
common.xml	ui_unknown_album_324451	common_unknown_album
common.xml	ui_unknown_artist_f56753	common_unknown_artist
common.xml	ui_unknown_artist_d39d10	common_unknown_singer
common.xml	ui_username_a1aaf3	common_username
common.xml	ui_copy_stack_trace_c95e24	crash_copy_stack_trace
common.xml	ui_the_main_app_process_has_stopped_copy_the_stack_trace_below_and_s_7df65d	crash_report_instructions
common.xml	ui_crash_stack_trace_copied_846b2f	crash_stack_trace_copied
common.xml	ui_no_crash_stack_trace_received_23aeb7	crash_stack_trace_missing
common.xml	ui_lynmusic_encountered_an_unhandled_exception_5af144	crash_unhandled_exception_title
common.xml	ui_display_71b677	device_display_label
common.xml	ui_hardware_b4cd99	device_hardware_label
common.xml	ui_memory_d014ab	device_memory_label
common.xml	ui_device_model_733db6	device_model_label
common.xml	ui_platform_440823	device_platform_label
common.xml	ui_system_1a1f6d	device_system_label
common.xml	ui_system_name_3944d2	device_system_name
common.xml	ui_system_version_735f88	device_system_version
common.xml	ui_app_resolution_in_dp_3c7a80	display_app_resolution_dp
common.xml	ui_font_scale_79b3e5	display_font_scale
common.xml	ui_resolution_cde9b5	display_resolution_label
common.xml	ui_system_pixel_density_f79c96	display_system_density
common.xml	ui_add_to_favorites_302fb6	favorites_add_track
common.xml	ui_favorites_d07cee	favorites_collection_title
common.xml	ui_tap_the_heart_in_the_library_or_player_to_add_favorite_songs_here_13f158	favorites_empty_hint
common.xml	ui_no_favorite_songs_yet_cc8779	favorites_empty_title
common.xml	ui_favorites_28aa47	favorites_likes_title
common.xml	ui_remove_from_favorites_db0b6c	favorites_remove_track
common.xml	ui_imported_song_4f85a6	import_completed_track_count
common.xml	ui_importing_song_596a38	import_track_progress
common.xml	ui_view_failures_3c6080	import_view_failures
common.xml	ui_albums_14f4d5	library_albums_title
common.xml	ui_artists_a9bd5f	library_artists_title
common.xml	ui_batch_actions_eae7c2	library_batch_actions
common.xml	ui_invalid_details_go_back_and_open_this_page_again_c610be	library_detail_invalid_hint
common.xml	ui_cannot_open_details_42874e	library_detail_open_failed
common.xml	ui_this_album_or_artist_has_no_songs_to_display_7660a0	library_detail_tracks_empty
common.xml	ui_your_library_is_empty_118a4c	library_empty_title
common.xml	ui_folders_46ecac	library_folders_title
common.xml	ui_search_songs_artists_albums_c2568f	library_search_placeholder
common.xml	ui_songs_selected_1ce7ad	library_selected_track_count
common.xml	ui_library_15c4ad	library_title
common.xml	ui_no_songs_here_e8097b	library_tracks_empty_title
common.xml	ui_songs_bf52cf	library_tracks_title
common.xml	ui_apply_artwork_only_c07a57	lyrics_apply_artwork_only
common.xml	ui_apply_lyrics_only_7f47e5	lyrics_apply_lyrics_only
common.xml	ui_choose_how_to_apply_f234b0	lyrics_apply_mode_title
common.xml	ui_select_a_result_then_choose_how_to_apply_it_0063c0	lyrics_apply_result_hint
common.xml	ui_selecting_this_candidate_will_fetch_its_lyrics_c0a971	lyrics_candidate_fetch_hint
common.xml	ui_lyrics_are_empty_cd208c	lyrics_empty_message
common.xml	ui_line_synced_lyrics_73f51d	lyrics_line_synced_label
common.xml	ui_no_lyrics_found_dcbce7	lyrics_not_found
common.xml	ui_plain_text_lyrics_6bb015	lyrics_plain_text_label
common.xml	ui_querying_enabled_lyrics_sources_88f015	lyrics_querying_sources_label
common.xml	ui_querying_enabled_lyrics_sources_d21393	lyrics_querying_sources_progress
common.xml	ui_lines_2070fd	lyrics_result_type_and_line_count
common.xml	ui_search_lyrics_87c425	lyrics_search_action
common.xml	ui_direct_lyrics_results_564c11	lyrics_search_direct_results
common.xml	ui_edit_the_current_song_information_to_search_enabled_lyrics_source_7c4afe	lyrics_search_edit_metadata_hint
common.xml	ui_search_fields_e6400c	lyrics_search_fields_title
common.xml	ui_change_the_title_artist_or_album_to_search_enabled_lyrics_sources_c23134	lyrics_search_metadata_hint
common.xml	ui_adjust_the_search_fields_and_click_search_results_will_appear_her_e3af2c	lyrics_search_ready_hint
common.xml	ui_ready_to_search_7c3b7a	lyrics_search_ready_title
common.xml	ui_lyrics_result_48fdbd	lyrics_search_result_label
common.xml	ui_no_usable_results_try_adjusting_the_search_fields_b93b2a	lyrics_search_results_empty_hint
common.xml	ui_direct_lyrics_results_and_workflow_song_candidates_will_appear_he_906f2d	lyrics_search_results_placeholder
common.xml	ui_no_enabled_lyrics_source_returned_usable_results_try_changing_the_e857ab	lyrics_search_sources_empty_hint
common.xml	ui_no_usable_lyrics_found_adjust_the_search_fields_and_retry_055818	lyrics_search_usable_results_missing
common.xml	ui_searching_enabled_lyrics_sources_90d2a7	lyrics_searching_sources_label
common.xml	ui_share_lyrics_b5493b	lyrics_share_action
common.xml	ui_song_candidate_b13206	lyrics_song_candidate_label
common.xml	ui_word_synced_lyrics_9c7c5a	lyrics_word_synced_label
common.xml	ui_workflow_song_candidates_1d9144	lyrics_workflow_candidates_title
common.xml	ui_my_music_a82c99	navigation_my_music
common.xml	ui_online_navigation_must_be_handled_before_local_navigation_e3525b	navigation_online_resolution_required
common.xml	ui_available_offline_af3ca4	offline_available_badge
common.xml	ui_downloaded_unknown_744b95	offline_batch_size_summary
common.xml	ui_cancel_batch_download_7df6a5	offline_cancel_batch_action
common.xml	ui_stop_the_current_download_and_cancel_pending_downloads_completed_55883c	offline_cancel_batch_description
common.xml	ui_cancel_batch_download_53f2dc	offline_cancel_batch_title
common.xml	ui_cancel_download_7115f2	offline_cancel_download
common.xml	ui_continue_downloading_3f9550	offline_continue_download
common.xml	ui_free_space_at_download_location_c3f2e3	offline_destination_free_space
common.xml	ui_download_again_2b2276	offline_download_again
common.xml	ui_download_for_offline_playback_835a83	offline_download_for_playback
common.xml	ui_downloading_songs_d2bb73	offline_download_progress
common.xml	ui_select_download_quality_b938f4	offline_download_quality_title
common.xml	ui_download_selected_songs_dca071	offline_download_selected_tracks
common.xml	ui_download_songs_2ecad9	offline_download_track_count
common.xml	ui_downloaded_music_6c76e2	offline_downloaded_music_badge
common.xml	ui_downloaded_0c9551	offline_downloaded_status
common.xml	ui_estimated_download_size_dbdb36	offline_estimated_size
common.xml	ui_retry_download_0cadde	offline_retry_download
common.xml	ui_waiting_57ba84	offline_waiting_summary
common.xml	ui_change_playback_mode_d0784b	player_change_playback_mode
common.xml	ui_clean_mode_d0ff70	player_clean_mode
common.xml	ui_close_play_queue_23a954	player_close_queue
common.xml	ui_collapse_player_482105	player_collapse
common.xml	ui_next_song_bacea7	player_next_track
common.xml	ui_no_song_is_currently_playing_dce638	player_no_current_track
common.xml	ui_cannot_open_player_72d4f9	player_open_failed
common.xml	ui_original_quality_9d20be	player_original_quality
common.xml	ui_pause_130448	player_pause
common.xml	ui_play_219253	player_play
common.xml	ui_play_all_a66176	player_play_all
common.xml	ui_playback_failed_89aa24	player_playback_failed
common.xml	ui_play_queue_02f8a9	player_playback_list_title
common.xml	ui_playback_mode_22b868	player_playback_mode_label
common.xml	ui_previous_song_e8fa51	player_previous_track
common.xml	ui_the_play_queue_is_empty_997b3f	player_queue_empty_title
common.xml	ui_songs_9e8a92	player_queue_summary
common.xml	ui_play_queue_d319af	player_queue_title
common.xml	ui_repeat_one_db1e1c	player_repeat_one_mode
common.xml	ui_sequential_playback_1c30c7	player_sequential_mode
common.xml	ui_shuffle_eca2a5	player_shuffle_mode
common.xml	ui_add_to_playlist_7b4d31	playlist_add_track
common.xml	ui_save_to_playlist_214d4d	playlist_save_action
common.xml	ui_playlists_12debc	playlists_title
common.xml	ui_no_recently_played_albums_856c16	recent_albums_empty_title
common.xml	ui_daily_recommendations_f119a8	recommendations_daily_title
common.xml	ui_clear_search_2a73ff	search_clear_query
common.xml	ui_search_results_2f17ec	search_results_title
common.xml	ui_app_updates_ca9576	settings_app_updates_title
common.xml	ui_equalizer_d2440f	settings_equalizer_title
common.xml	ui_storage_management_c49de2	settings_storage_management_title
common.xml	ui_settings_7debf9	settings_title
common.xml	ui_delete_source_ecafc8	source_delete_action
common.xml	ui_disable_source_483b5c	source_disable_action
common.xml	ui_enable_source_71101b	source_enable_action
common.xml	ui_all_sources_f8d22f	source_filter_all
common.xml	ui_local_folder_3d9682	source_local_folder_label
common.xml	ui_local_track_e61a70	source_local_track_label
common.xml	ui_lan_preferred_wan_08a3d7	source_network_addresses_summary
common.xml	ui_online_artist_96920c	source_online_artist_label
common.xml	ui_online_mode_is_enabled_songs_are_not_added_to_the_local_index_af4537	source_online_index_exclusion_hint
common.xml	ui_online_mode_is_enabled_select_the_online_source_in_the_library_so_f129b5	source_online_library_track_count_hint
common.xml	ui_online_mode_14d1a6	source_online_mode_label
common.xml	ui_remote_song_count_unknown_1a9fd5	source_online_track_count_unknown
common.xml	ui_remote_songs_351d46	source_remote_track_count
common.xml	ui_rescan_source_540ee6	source_rescan_action
common.xml	ui_rescanning_999b78	source_rescanning_status
common.xml	ui_scan_failed_978790	source_scan_failed_status
common.xml	ui_scan_successful_e48e52	source_scan_success_status
common.xml	ui_source_a8e5d8	source_type_label
common.xml	ui_wan_29ebcc	source_wan_address_summary
common.xml	ui_http_192_168_31_115_5005_shared_music_d57593	source_webdav_url_example
common.xml	ui_sources_c63f79	sources_title
common.xml	ui_lynmusic_is_already_running_3bf170	startup_already_running
common.xml	ui_canceling_data_location_change_500a00	startup_canceling_location_change
common.xml	ui_cleaning_up_old_data_10b6fb	startup_cleaning_old_data
common.xml	ui_component_initialization_failed_check_storage_and_retry_1e1b8b	startup_component_initialization_failed
common.xml	ui_copying_app_data_34be54	startup_copying_data
common.xml	ui_permanently_deleting_old_data_64c40d	startup_deleting_old_data
common.xml	ui_cannot_start_lynmusic_a850a4	startup_failed_title
common.xml	ui_cannot_start_lynmusic_72ca43	startup_failed_with_details
common.xml	ui_isolating_old_data_ec32d2	startup_isolating_old_data
common.xml	ui_data_migration_complete_f69aa5	startup_migration_complete
common.xml	ui_moving_app_data_c329af	startup_moving_data
common.xml	ui_the_new_data_location_is_active_0b1a46	startup_new_location_active
common.xml	ui_old_data_cleanup_incomplete_8db80e	startup_old_data_cleanup_incomplete
common.xml	ui_reading_data_location_4e4346	startup_reading_location
common.xml	ui_repairing_data_references_f1d978	startup_repairing_references
common.xml	ui_updating_library_0fef6f	startup_updating_library
common.xml	ui_artwork_cache_cecaaf	storage_artwork_cache
common.xml	ui_calculating_storage_usage_42f5fa	storage_calculating_usage
common.xml	ui_calculating_storage_usage_761efd	storage_calculating_usage_progress
common.xml	ui_cleaning_up_a22033	storage_cleaning_progress
common.xml	ui_delete_downloaded_music_e2f7a7	storage_delete_offline_music
common.xml	ui_temporary_lyrics_sharing_files_ab9cdc	storage_lyrics_share_temporary_files
common.xml	ui_manageable_storage_f6e571	storage_manageable_usage
common.xml	ui_no_clearable_storage_categories_are_available_on_this_platform_ye_a30c9d	storage_no_cleanup_categories
common.xml	ui_no_manageable_storage_aaec3d	storage_no_manageable_data
common.xml	ui_downloaded_music_3d2bd8	storage_offline_music
common.xml	ui_playback_cache_220dae	storage_playback_cache
common.xml	ui_reading_storage_locations_supported_by_this_platform_740beb	storage_reading_locations_description
common.xml	ui_temporary_tag_editing_files_870167	storage_tags_temporary_files
common.xml	ui_music_tags_b97efa	tags_editor_title
common.xml	ui_drag_the_panel_to_adjust_saturation_and_brightness_and_the_slider_f32f30	theme_color_picker_hint
common.xml	ui_select_a_result_then_choose_how_to_apply_it_8f6b00	tv_lyrics_apply_result_hint
common.xml	ui_check_for_updates_a6df38	update_check_action
common.xml	ui_latest_version_be6ba1	update_latest_version
common.xml	ui_open_download_page_90ef71	update_open_download_page
common.xml	ui_steps_78f33a	workflow_step_count
equalizer.xml	ui_off_f62876	equalizer_disabled_state
equalizer.xml	ui_on_d78cde	equalizer_enabled_state
equalizer.xml	ui_no_adjustable_bands_available_89090e	equalizer_no_adjustable_bands
equalizer.xml	ui_waiting_for_playback_44c6e2	equalizer_waiting_for_playback
errors.xml	error_ba9b76168218	artwork_picker_platform_unsupported
errors.xml	error_58a2ed14febe	audio_tags_platform_unsupported
errors.xml	error_e01fa92ef44c	cast_lan_address_unavailable
errors.xml	error_f1f4da7ea83a	cast_proxy_port_unavailable
errors.xml	error_273318d6b33b	data_location_platform_unsupported
errors.xml	error_49455765894c	device_info_platform_unsupported
errors.xml	error_66d926e16087	file_provider_no_readable_files
errors.xml	error_a9e21f6ae924	folder_access_expired
errors.xml	error_cc45acd5e8a0	folder_contents_read_failed
errors.xml	error_c2f6495d8273	folder_picker_open_failed
errors.xml	error_b466f62aa9cd	folder_scan_unreadable_index_preserved
errors.xml	error_899124779bb4	folder_selection_unrecognized
errors.xml	error_905e39da3196	font_file_delete_failed
errors.xml	error_eec348864e9f	font_import_format_unsupported
errors.xml	error_1435bce481d7	font_selection_unreadable
errors.xml	error_4ec3d98ab4d4	ios_files_tag_writing_unsupported
errors.xml	error_e89cc9dc462d	local_track_file_missing
errors.xml	error_aabfec155576	local_track_file_url_invalid
errors.xml	error_0fbb005bc8f9	local_track_location_invalid
errors.xml	error_251ed808bb4b	local_track_path_unresolved
errors.xml	error_b38f27a80af2	local_track_source_missing
errors.xml	error_40740c368912	lyrics_image_creation_failed
errors.xml	error_8c8668eaf463	lyrics_image_data_unreadable
errors.xml	error_678db2d25cea	lyrics_image_file_creation_failed
errors.xml	error_393c10a35de7	lyrics_image_file_write_failed
errors.xml	error_651328fb2490	lyrics_image_save_cancelled
errors.xml	error_bc52682146fd	lyrics_temporary_image_creation_failed
errors.xml	error_15f3c776a326	offline_download_address_unavailable
errors.xml	error_a9cf8fa2e927	offline_download_http_failed
errors.xml	error_c047c0f6e129	offline_download_platform_unsupported
errors.xml	error_6e7ad28e68aa	offline_emby_source_unavailable
errors.xml	error_d724418096ce	offline_local_track_unnecessary
errors.xml	error_d486fb4dfc2f	offline_samba_source_unavailable
errors.xml	error_ba85520e4d75	offline_subsonic_source_unavailable
errors.xml	error_11299b86cd96	offline_webdav_source_unavailable
errors.xml	error_312b7381e10d	photo_library_write_permission_missing
errors.xml	error_25426a38d07c	storage_management_platform_unsupported
errors.xml	error_db4f8dd0f81c	system_clipboard_unavailable
errors.xml	error_116e00b249cb	vlc_picker_platform_unsupported
folder_picker.xml	ui_audio_461189	folder_picker_audio_type
folder_picker.xml	ui_file_49deaf	folder_picker_file_type
folder_picker.xml	ui_this_folder_is_empty_624906	folder_picker_folder_empty
folder_picker.xml	ui_folder_41e524	folder_picker_folder_type
folder_picker.xml	ui_cannot_read_this_folder_c4c8c2	folder_picker_folder_unreadable
folder_picker.xml	ui_grant_permission_762ec4	folder_picker_grant_permission
folder_picker.xml	ui_reading_folder_0a86de	folder_picker_loading_folder
folder_picker.xml	ui_local_music_3aa83a	folder_picker_local_music_title
folder_picker.xml	ui_allow_manage_all_files_to_browse_internal_storage_and_usb_drives_44c7e7	folder_picker_manage_files_permission_hint
folder_picker.xml	ui_open_folder_606436	folder_picker_open_folder
folder_picker.xml	ui_parent_folder_53addb	folder_picker_parent_folder
folder_picker.xml	ui_file_access_permission_required_b72300	folder_picker_permission_required_title
folder_picker.xml	ui_select_this_folder_0ec30e	folder_picker_select_current_folder
folder_picker.xml	ui_select_storage_7825ff	folder_picker_select_storage
folder_picker.xml	ui_storage_091ca5	folder_picker_storage_label
folder_picker.xml	ui_allow_storage_read_and_write_access_to_browse_internal_storage_an_fda5c5	folder_picker_storage_permission_hint
folder_picker.xml	ui_select_internal_storage_or_a_usb_drive_e58d51	folder_picker_storage_selection_hint
folder_picker.xml	ui_no_readable_storage_found_b1da3a	folder_picker_storage_unavailable
folder_picker.xml	ui_usb_drive_8939ef	folder_picker_usb_drive_label
lyrics_search.xml	ui_line_by_line_24ddcd	lyrics_sync_mode_line
lyrics_search.xml	ui_plain_text_647829	lyrics_sync_mode_plain_text
lyrics_search.xml	ui_word_by_word_704437	lyrics_sync_mode_word
lyrics_search.xml	ui_apply_or_apply_lyrics_only_will_fetch_the_lyrics_for_this_candida_cf072f	lyrics_workflow_candidate_apply_hint
lyrics_share.xml	ui_album_artist_93704f	lyrics_share_album_artist_summary
lyrics_share.xml	ui_album_04a874	lyrics_share_album_label
lyrics_share.xml	ui_select_a_result_to_apply_it_directly_to_the_current_song_21fd98	lyrics_share_apply_result_hint
lyrics_share.xml	ui_artist_93f4cb	lyrics_share_artist_label
lyrics_share.xml	ui_artwork_colors_592202	lyrics_share_artwork_colors
lyrics_share.xml	ui_blank_line_8d09e7	lyrics_share_blank_line
lyrics_share.xml	ui_clear_selection_a6d3de	lyrics_share_clear_selection
lyrics_share.xml	ui_close_fullscreen_preview_97ecf8	lyrics_share_close_fullscreen
lyrics_share.xml	ui_copy_4edd1d	lyrics_share_copy_action
lyrics_share.xml	ui_copy_image_131571	lyrics_share_copy_image
lyrics_share.xml	ui_copy_text_91651f	lyrics_share_copy_text
lyrics_share.xml	ui_copying_b4fb07	lyrics_share_copying_label
lyrics_share.xml	ui_copying_3dc35c	lyrics_share_copying_progress
lyrics_share.xml	ui_current_song_bd82e2	lyrics_share_current_track
lyrics_share.xml	ui_cached_and_embedded_lyrics_are_used_first_otherwise_lyrics_are_re_7928c0	lyrics_share_fetch_priority_hint
lyrics_share.xml	ui_fetching_lyrics_593f6e	lyrics_share_fetching_lyrics
lyrics_share.xml	ui_font_75b231	lyrics_share_font_button
lyrics_share.xml	ui_format_9d2601	lyrics_share_format_label
lyrics_share.xml	ui_reading_system_fonts_40bc10	lyrics_share_loading_fonts
lyrics_share.xml	ui_no_lyrics_yet_59ff8e	lyrics_share_lyrics_missing
lyrics_share.xml	ui_search_lyrics_manually_2badb9	lyrics_share_manual_search
lyrics_share.xml	ui_note_85c9e7	lyrics_share_note_format
lyrics_share.xml	ui_select_lyrics_on_the_left_to_create_a_note_style_sharing_image_he_f13c25	lyrics_share_note_preview_hint
lyrics_share.xml	ui_lyrics_sharing_preview_d099ff	lyrics_share_preview_description
lyrics_share.xml	ui_preview_de61aa	lyrics_share_preview_title
lyrics_share.xml	ui_quality_6e82a9	lyrics_share_quality_label
lyrics_share.xml	ui_save_locally_58edc6	lyrics_share_save_locally
lyrics_share.xml	ui_saving_a032e8	lyrics_share_saving_label
lyrics_share.xml	ui_saving_d70d42	lyrics_share_saving_progress
lyrics_share.xml	ui_seek_to_892a3c	lyrics_share_seek_to_position
lyrics_share.xml	ui_select_a5d576	lyrics_share_select_action
lyrics_share.xml	ui_select_lines_0404c2	lyrics_share_select_lines
lyrics_share.xml	ui_select_lyrics_7b9ea9	lyrics_share_select_lyrics
lyrics_share.xml	ui_selected_f24ddc	lyrics_share_selected_badge
lyrics_share.xml	ui_size_fd2070	lyrics_share_size_label
lyrics_share.xml	ui_song_information_1ef603	lyrics_share_track_information
lyrics_share.xml	ui_updating_preview_6da64b	lyrics_share_updating_preview
lyrics_share.xml	ui_view_song_information_5eb3b2	lyrics_share_view_track_information
messages.xml	ui_failed_to_select_artwork_989861	artwork_selection_failed
messages.xml	ui_notification_permission_is_off_background_casting_notifications_m_fa81f2	cast_notification_permission_disabled
messages.xml	ui_casting_is_not_supported_on_this_platform_yet_a713cb	cast_platform_unsupported_notice
messages.xml	ui_casting_is_not_supported_for_this_song_yet_6c96b1	cast_track_unsupported_notice
messages.xml	ui_about_91e623	common_about
messages.xml	ui_failed_2bfead	common_action_failed
messages.xml	ui_failed_to_read_99a948	common_read_failed
messages.xml	ui_old_data_folder_cleaned_up_4bec6b	data_location_old_folder_cleaned
messages.xml	ui_failed_to_clean_up_old_data_folder_349a03	data_location_old_folder_cleanup_failed
messages.xml	ui_failed_to_save_data_location_edadaa	data_location_save_failed
messages.xml	ui_failed_to_select_data_location_d13f5d	data_location_selection_failed
messages.xml	ui_desktop_lyrics_enabled_0e1e97	desktop_lyrics_enabled
messages.xml	ui_desktop_lyrics_overlay_permission_is_off_8a6699	desktop_lyrics_overlay_permission_disabled
messages.xml	ui_grant_overlay_permission_to_enable_desktop_lyrics_a8b27f	desktop_lyrics_overlay_permission_required
messages.xml	ui_desktop_lyrics_are_not_supported_on_this_platform_yet_cf951e	desktop_lyrics_platform_unsupported
messages.xml	ui_failed_to_read_device_information_2b9a51	device_info_read_failed
messages.xml	ui_failed_to_load_more_favorites_49d570	favorites_more_tracks_load_failed
messages.xml	ui_failed_to_load_online_favorites_9c140f	favorites_online_load_failed
messages.xml	ui_failed_to_update_online_favorites_691ef0	favorites_online_update_failed
messages.xml	ui_failed_to_refresh_favorites_f3820b	favorites_refresh_failed
messages.xml	ui_failed_to_sync_remote_favorites_043873	favorites_remote_sync_failed
messages.xml	ui_added_to_favorites_2a3aca	favorites_track_added
messages.xml	ui_removed_from_favorites_5ef092	favorites_track_removed
messages.xml	ui_failed_to_update_favorites_bc40fc	favorites_update_failed
messages.xml	ui_failed_to_delete_font_a80140	font_delete_failed
messages.xml	ui_font_deleted_a6a04d	font_deleted
messages.xml	ui_font_deleted_but_refreshing_the_list_failed_168d0f	font_deleted_refresh_failed
messages.xml	ui_failed_to_import_font_00c9fe	font_import_failed
messages.xml	ui_font_imported_445dcb	font_imported
messages.xml	ui_failed_to_read_imported_fonts_cc5b1b	font_imported_list_read_failed
messages.xml	ui_font_imported_but_refreshing_the_list_failed_1968b8	font_imported_refresh_failed
messages.xml	ui_failed_to_read_system_fonts_afac72	font_system_list_read_failed
messages.xml	ui_found_audio_files_7495d3	import_audio_files_found_summary
messages.xml	ui_import_canceled_a2c188	import_cancelled
messages.xml	ui_songs_failed_8d4833	offline_failed_track_count
messages.xml	ui_songs_skipped_ff50b9	offline_skipped_track_count
messages.xml	ui_imported_songs_4fb054	import_tracks_completed_summary
messages.xml	ui_failed_to_load_album_details_485dc9	library_album_detail_load_failed
messages.xml	ui_failed_to_load_artist_details_0fb7f2	library_artist_detail_load_failed
messages.xml	ui_failed_to_load_more_albums_abb44a	library_more_albums_load_failed
messages.xml	ui_failed_to_load_more_artists_5966b1	library_more_artists_load_failed
messages.xml	ui_failed_to_load_more_songs_b63474	library_more_tracks_load_failed
messages.xml	ui_failed_to_load_online_library_4f3566	library_online_load_failed
messages.xml	ui_failed_to_apply_artwork_325704	lyrics_apply_artwork_failed
messages.xml	ui_failed_to_apply_lyrics_fd5f4a	lyrics_apply_lyrics_failed
messages.xml	ui_failed_to_restore_lrcapi_defaults_8e45d2	lyrics_lrcapi_defaults_restore_failed
messages.xml	ui_lrcapi_defaults_restored_067f2d	lyrics_lrcapi_defaults_restored
messages.xml	ui_failed_to_save_lrcapi_3f7db6	lyrics_lrcapi_save_failed
messages.xml	ui_lrcapi_saved_cca57d	lyrics_lrcapi_saved
messages.xml	ui_enter_the_lrcapi_request_url_3b5549	lyrics_lrcapi_url_required
messages.xml	ui_musicmatch_cleared_2c6195	lyrics_musicmatch_cleared
messages.xml	ui_failed_to_save_musicmatch_1c8a84	lyrics_musicmatch_save_failed
messages.xml	ui_musicmatch_saved_19f2cd	lyrics_musicmatch_saved
messages.xml	ui_enter_the_musicmatch_usertoken_d9dbb0	lyrics_musicmatch_token_required
messages.xml	ui_failed_to_fetch_online_lyrics_fa27d6	lyrics_online_fetch_failed
messages.xml	ui_failed_to_copy_image_a581fa	lyrics_share_copy_image_failed
messages.xml	ui_failed_to_copy_text_0ffb8f	lyrics_share_copy_text_failed
messages.xml	ui_image_copied_d784cc	lyrics_share_image_copied
messages.xml	ui_failed_to_generate_sharing_image_a3b4ff	lyrics_share_image_generation_failed
messages.xml	ui_select_at_least_one_lyrics_line_first_5ca701	lyrics_share_line_selection_required
messages.xml	ui_failed_to_save_image_ccca72	lyrics_share_save_image_failed
messages.xml	ui_text_copied_d4e2b5	lyrics_share_text_copied
messages.xml	ui_failed_to_create_lyrics_source_8174cd	lyrics_source_create_failed
messages.xml	ui_lyrics_source_created_142a7a	lyrics_source_created
messages.xml	ui_lyrics_source_deleted_a21823	lyrics_source_deleted
messages.xml	ui_lyrics_source_disabled_a8c3e7	lyrics_source_disabled_notice
messages.xml	ui_lyrics_source_enabled_cfc61e	lyrics_source_enabled_notice
messages.xml	ui_enter_at_least_a_lyrics_source_name_and_url_b1ee75	lyrics_source_name_and_url_required
messages.xml	ui_failed_to_save_lyrics_source_f7618b	lyrics_source_save_failed
messages.xml	ui_lyrics_source_saved_f181e7	lyrics_source_saved
messages.xml	ui_available_b962cc	offline_available_space_detail
messages.xml	ui_a_batch_download_is_already_in_progress_303f8b	offline_batch_already_running
messages.xml	ui_batch_download_canceled_26e824	offline_batch_cancelled
messages.xml	ui_batch_download_complete_6eda68	offline_batch_completed_summary
messages.xml	ui_songs_downloaded_fef7f0	offline_completed_track_count
messages.xml	ui_download_canceled_96922c	offline_download_cancelled
messages.xml	ui_download_complete_1ab91f	offline_download_completed
messages.xml	ui_download_failed_1f86ca	offline_download_failed_notice
messages.xml	ui_failed_to_delete_downloaded_music_700e60	offline_music_delete_failed
messages.xml	ui_downloaded_music_deleted_1d9477	offline_music_deleted
messages.xml	ui_no_songs_need_downloading_0f0a5d	offline_no_tracks_required
messages.xml	ui_nothing_to_download_531ac5	offline_nothing_to_download
messages.xml	ui_songs_of_unknown_size_a99a3d	offline_size_estimate_with_unknown_tracks
messages.xml	ui_not_enough_storage_estimated_download_d143e3	offline_storage_insufficient_size
messages.xml	ui_required_reserve_b3ce41	offline_storage_reserve_detail
messages.xml	ui_select_songs_to_download_e911b4	offline_track_selection_required
messages.xml	ui_songs_of_unknown_size_d1e391	offline_unknown_size_track_count
messages.xml	ui_no_song_is_currently_playing_ed97a5	player_idle_notice
messages.xml	ui_this_song_may_be_transcoding_seeking_is_unavailable_acc038	player_transcoding_seek_unavailable
messages.xml	ui_failed_to_add_to_playlist_ac76bd	playlist_add_track_failed
messages.xml	ui_failed_to_create_playlist_152469	playlist_create_failed
messages.xml	ui_playlist_created_888d77	playlist_created
messages.xml	ui_playlist_created_and_song_added_af71ef	playlist_created_with_track
messages.xml	ui_failed_to_delete_playlist_fab88d	playlist_delete_failed
messages.xml	ui_playlist_deleted_1943ba	playlist_deleted
messages.xml	ui_failed_to_import_playlist_e50f21	playlist_import_failed
messages.xml	ui_failed_to_load_online_playlist_details_0e0c0f	playlist_online_detail_load_failed
messages.xml	ui_failed_to_import_online_playlist_56e429	playlist_online_import_failed
messages.xml	ui_failed_to_load_online_playlists_7f2f8c	playlist_online_list_load_failed
messages.xml	ui_online_playlist_operation_failed_468275	playlist_online_operation_failed
messages.xml	ui_failed_to_remove_song_from_playlist_d45ecc	playlist_remove_track_failed
messages.xml	ui_failed_to_rename_playlist_d26a55	playlist_rename_failed
messages.xml	ui_playlist_renamed_65324b	playlist_renamed
messages.xml	ui_failed_to_sync_playlists_57990a	playlist_sync_failed
messages.xml	ui_song_added_to_playlist_b91d77	playlist_track_added
messages.xml	ui_song_removed_435784	playlist_track_removed
messages.xml	ui_remote_recent_plays_could_not_be_synced_local_statistics_are_show_193178	recent_remote_sync_failed_fallback
messages.xml	ui_daily_recommendations_could_not_be_generated_recent_plays_are_sho_58e409	recommendations_generation_failed_fallback
messages.xml	ui_failed_to_delete_music_source_0efb4b	source_delete_failed
messages.xml	ui_music_source_deleted_d69f3e	source_deleted
messages.xml	ui_source_disabled_354297	source_disabled_notice
messages.xml	ui_emby_connection_failed_f83ab5	source_emby_connection_failed
messages.xml	ui_emby_connection_successful_4056b6	source_emby_connection_succeeded
messages.xml	ui_emby_import_failed_e329cc	source_emby_import_failed
messages.xml	ui_emby_music_source_imported_2f125d	source_emby_imported
messages.xml	ui_enter_the_emby_password_d7f8c0	source_emby_password_required
messages.xml	ui_enter_the_emby_username_2f046e	source_emby_username_required
messages.xml	ui_source_enabled_1d7552	source_enabled_notice
messages.xml	ui_failed_to_grant_local_folder_access_de9c82	source_local_folder_authorization_failed
messages.xml	ui_local_folder_access_granted_and_scan_complete_a7a72d	source_local_folder_authorized_and_scanned
messages.xml	ui_failed_to_import_local_folder_240483	source_local_folder_import_failed
messages.xml	ui_local_music_source_imported_b28c25	source_local_folder_imported
messages.xml	ui_navidrome_connection_failed_b89c0c	source_navidrome_connection_failed
messages.xml	ui_navidrome_connection_successful_ce0cf7	source_navidrome_connection_succeeded
messages.xml	ui_navidrome_import_failed_0a7cd0	source_navidrome_import_failed
messages.xml	ui_navidrome_music_source_imported_67ca79	source_navidrome_imported
messages.xml	ui_navidrome_online_mode_is_enabled_select_the_online_source_in_the_8594b1	source_navidrome_online_library_hint
messages.xml	ui_failed_to_save_navidrome_online_mode_5e934b	source_navidrome_online_mode_save_failed
messages.xml	ui_now_uses_navidrome_online_mode_the_remote_library_contains_songs_55dcc1	source_navidrome_online_switch_summary
messages.xml	ui_enter_the_navidrome_password_72ef22	source_navidrome_password_required
messages.xml	ui_enter_the_navidrome_username_4d9814	source_navidrome_username_required
messages.xml	ui_failed_to_switch_to_online_mode_7b75e2	source_online_mode_switch_failed
messages.xml	ui_invalid_port_number_1bcea7	source_port_invalid
messages.xml	ui_rescan_failed_e81caa	source_rescan_failed
messages.xml	ui_music_source_rescanned_c4eae3	source_rescanned
messages.xml	ui_enter_the_samba_server_address_d87b1e	source_samba_address_required
messages.xml	ui_samba_connection_failed_1fbdac	source_samba_connection_failed
messages.xml	ui_samba_connection_successful_410142	source_samba_connection_succeeded
messages.xml	ui_samba_import_failed_5e1284	source_samba_import_failed
messages.xml	ui_samba_music_source_imported_e2636f	source_samba_imported
messages.xml	ui_enter_a_path_containing_at_least_a_share_name_such_as_media_or_me_6e1c4b	source_samba_share_path_required
messages.xml	ui_enter_at_least_one_server_address_737134	source_server_address_missing
messages.xml	ui_failed_to_update_source_status_18b8f1	source_status_update_failed
messages.xml	ui_subsonic_connection_failed_e68059	source_subsonic_connection_failed
messages.xml	ui_subsonic_connection_successful_d7eef1	source_subsonic_connection_succeeded
messages.xml	ui_enter_the_subsonic_6005c4	source_subsonic_credential_required
messages.xml	ui_subsonic_import_failed_e49bd7	source_subsonic_import_failed
messages.xml	ui_subsonic_music_source_imported_4cf358	source_subsonic_imported
messages.xml	ui_enter_the_subsonic_username_afcba3	source_subsonic_username_required
messages.xml	ui_failed_to_update_source_9a512c	source_update_failed
messages.xml	ui_source_updated_and_rescanned_825ca8	source_updated_and_rescanned
messages.xml	ui_webdav_connection_failed_a0da91	source_webdav_connection_failed
messages.xml	ui_webdav_connection_successful_91ff2a	source_webdav_connection_succeeded
messages.xml	ui_webdav_import_failed_b44be6	source_webdav_import_failed
messages.xml	ui_webdav_music_source_imported_c73c10	source_webdav_imported
messages.xml	ui_enter_the_webdav_password_e29e57	source_webdav_password_required
messages.xml	ui_enter_the_webdav_root_url_98a7d3	source_webdav_root_url_required
messages.xml	ui_failed_to_clear_333398	storage_category_cleanup_failed
messages.xml	ui_cleared_6ca00b	storage_category_cleared
messages.xml	ui_cleared_but_refreshing_failed_da37a0	storage_category_cleared_refresh_failed
messages.xml	ui_failed_to_calculate_cache_usage_92976a	storage_usage_calculation_failed
messages.xml	ui_artwork_import_failed_9bd8d2	tags_artwork_import_failed
messages.xml	ui_applied_to_the_editor_but_artwork_import_failed_d2749e	tags_editor_applied_artwork_import_failed
messages.xml	ui_artwork_applied_to_the_editor_save_to_write_changes_to_the_file_bf766e	tags_editor_artwork_applied
messages.xml	ui_applied_to_the_editor_save_to_write_changes_to_the_file_20d6cd	tags_editor_changes_applied
messages.xml	ui_lyrics_applied_to_the_editor_save_to_write_changes_to_the_file_0ccb3b	tags_editor_lyrics_applied
messages.xml	ui_writing_local_tags_is_not_supported_on_this_platform_yet_f986a1	tags_platform_write_unsupported
messages.xml	ui_failed_to_read_audio_tags_a843ed	tags_read_failed
messages.xml	ui_failed_to_refresh_tags_1ccff7	tags_refresh_failed
messages.xml	ui_tags_refreshed_7481fe	tags_refreshed
messages.xml	ui_failed_to_save_tags_c5e182	tags_save_failed
messages.xml	ui_tags_saved_89e779	tags_saved
messages.xml	ui_tags_cannot_be_read_for_this_song_c15577	tags_track_read_unsupported
messages.xml	ui_save_or_reset_your_changes_before_refreshing_07678f	tags_unsaved_changes_refresh_blocked
messages.xml	ui_custom_theme_reset_057e09	theme_custom_colors_reset
messages.xml	ui_title_cannot_be_empty_f2d8d9	track_title_required
messages.xml	ui_you_are_using_the_latest_version_c1aec6	update_already_latest
messages.xml	ui_failed_to_check_for_updates_5638d4	update_check_failed
messages.xml	ui_checking_for_the_latest_version_3a293f	update_checking_latest_version
messages.xml	ui_an_update_is_available_get_a_download_link_from_the_wechat_accoun_937d4e	update_download_channels_hint
messages.xml	ui_new_version_available_8cce15	update_new_version_available
messages.xml	ui_automatic_detection_restored_it_will_take_effect_on_the_next_star_550abb	vlc_auto_detection_restored
messages.xml	ui_vlc_path_saved_it_will_take_effect_on_the_next_startup_1e4b6c	vlc_path_saved_restart_required
messages.xml	ui_failed_to_select_the_vlc_path_c2417f	vlc_path_selection_failed
messages.xml	ui_a_username_is_required_when_using_a_webdav_password_0e8853	webdav_password_username_required
messages.xml	ui_failed_to_save_window_close_behavior_694e2c	window_close_behavior_save_failed
messages.xml	ui_failed_to_create_workflow_0706e3	workflow_create_failed
messages.xml	ui_paste_the_workflow_json_first_12b7e5	workflow_import_json_required
messages.xml	ui_failed_to_save_workflow_7fd5ee	workflow_save_failed
messages.xml	ui_workflow_source_created_c4f70a	workflow_source_created
messages.xml	ui_workflow_source_imported_092f42	workflow_source_imported
messages.xml	ui_workflow_source_saved_10640e	workflow_source_saved
my.xml	ui_albums_a0c580	recent_album_count
my.xml	ui_albums_appear_here_after_playing_their_songs_bbb182	recent_albums_empty_hint
my.xml	ui_recently_played_albums_cff1d0	recent_albums_title
my.xml	ui_loading_recent_plays_499c45	recent_plays_loading
my.xml	ui_played_times_0cd13c	recent_track_play_summary
my.xml	ui_songs_appear_here_after_meeting_the_play_count_threshold_e786f3	recent_tracks_empty_hint
my.xml	ui_no_recently_played_songs_a233f6	recent_tracks_empty_title
my.xml	ui_recently_played_songs_f7fa03	recent_tracks_title
my.xml	ui_view_all_c71d3b	recent_view_all_action
my.xml	ui_today_s_recommendations_will_appear_once_the_library_has_songs_59e2d9	recommendations_empty_hint
my.xml	ui_no_daily_recommendations_yet_8508bf	recommendations_empty_title
my.xml	ui_generating_daily_recommendations_16d786	recommendations_generating_description
my.xml	ui_today_s_playlist_edc2db	recommendations_today_playlist
navigation.xml	ui_sort_dc35af	common_sort
navigation.xml	ui_search_favorite_songs_artists_albums_914578	favorites_search_placeholder
navigation.xml	ui_close_search_e40a06	navigation_close_search
navigation.xml	ui_exit_search_f10b7f	navigation_exit_search
navigation.xml	ui_search_playlists_a20d94	playlists_search_placeholder
player.xml	ui_no_devices_found_284991	cast_devices_empty_title
player.xml	ui_make_sure_your_tv_and_phone_are_on_the_same_network_186060	cast_same_network_hint
player.xml	ui_search_again_1cbbb4	cast_search_again_action
player.xml	ui_click_search_again_to_retry_9f2342	cast_search_retry_hint
player.xml	ui_searching_for_devices_fe0e88	cast_searching_devices_status
player.xml	ui_stop_casting_29fff1	cast_stop_action
player.xml	ui_done_33246f	common_done
player.xml	ui_start_79cc87	common_start
player.xml	ui_manual_search_b5ba0f	lyrics_manual_search_action
player.xml	ui_download_failed_e0dab2	offline_download_failed_status
player.xml	ui_download_to_this_device_55c74f	offline_download_to_device
player.xml	ui_downloading_837ce6	offline_downloading_status
player.xml	ui_cast_46b659	player_cast_action
player.xml	ui_connecting_50d957	player_connecting_status
player.xml	ui_current_playback_quality_96be5e	player_current_quality_label
player.xml	ui_current_song_c72803	player_current_track_badge
player.xml	ui_not_enabled_b9004e	player_feature_not_enabled
player.xml	ui_offline_downloads_f90365	player_offline_downloads_title
player.xml	ui_playing_99854c	player_playing_status
player.xml	ui_playing_0a6f00	player_playing_track_badge
player.xml	ui_preparing_lyrics_515126	player_preparing_lyrics
player.xml	ui_play_a_song_from_the_library_or_favorites_to_see_the_current_queu_e81ffb	player_queue_empty_hint
player.xml	ui_the_play_queue_is_empty_d5d305	player_restored_queue_empty
player.xml	ui_the_queue_and_playback_position_are_loading_in_the_background_4165ac	player_restoring_playback_description
player.xml	ui_restoring_last_playback_484cd5	player_restoring_playback_title
player.xml	ui_custom_minutes_2cc1b6	player_sleep_timer_custom_minutes
player.xml	ui_turn_off_timer_3a7d97	player_sleep_timer_disable
player.xml	ui_remaining_4f2afc	player_sleep_timer_remaining
player.xml	ui_timer_set_for_37a6f1	player_sleep_timer_scheduled
player.xml	ui_select_stop_time_6a66f4	player_sleep_timer_stop_time
player.xml	ui_sleep_timer_f32f71	player_sleep_timer_title
player.xml	ui_sound_settings_ae95e8	player_sound_settings_title
playlists.xml	ui_add_b7db44	playlist_add_action
playlists.xml	ui_add_to_favorites_6dd34d	playlist_add_to_favorites
playlists.xml	ui_add_to_a_playlist_959354	playlist_add_track_title
playlists.xml	ui_playlist_data_is_still_being_organized_in_the_background_please_w_b980f2	playlist_background_indexing_hint
playlists.xml	ui_create_fcbd09	playlist_create_action
playlists.xml	ui_create_and_add_315ce4	playlist_create_and_add
playlists.xml	ui_delete_remote_playlist_this_will_be_synced_to_the_server_b6c496	playlist_delete_remote_confirmation
playlists.xml	ui_delete_both_the_local_playlist_and_its_synced_remote_copy_will_be_f42898	playlist_delete_synced_confirmation
playlists.xml	ui_delete_playlist_d8ac3d	playlist_delete_title
playlists.xml	ui_loading_playlist_details_47084f	playlist_detail_loading_title
playlists.xml	ui_this_playlist_is_empty_cd9d29	playlist_empty_title
playlists.xml	ui_import_60e2bc	playlist_import_action
playlists.xml	ui_added_578286	playlist_import_added_status
playlists.xml	ui_added_songs_8a10e4	playlist_import_added_track_count
playlists.xml	ui_already_added_a867d4	playlist_import_already_added_status
playlists.xml	ui_assistant_9b0519	playlist_import_assistant_title
playlists.xml	ui_duplicate_songs_55c9d7	playlist_import_duplicate_track_count
playlists.xml	ui_songs_already_present_8d30bf	playlist_import_existing_track_count
playlists.xml	ui_lines_not_imported_4a8690	playlist_import_failed_line_count
playlists.xml	ui_failed_to_add_e232e1	playlist_import_failed_status
playlists.xml	ui_duplicates_in_input_songs_26bb9d	playlist_import_input_duplicate_count
playlists.xml	ui_invalid_format_b8dbd7	playlist_import_invalid_format_status
playlists.xml	ui_line_ee8262	playlist_import_line_label
playlists.xml	ui_line_matches_440a0f	playlist_import_line_with_match_count
playlists.xml	ui_line_c33686	playlist_import_line_with_reason
playlists.xml	ui_import_into_use_song_artist_on_each_line_only_songs_in_the_existi_1f0f71	playlist_import_local_hint
playlists.xml	ui_multiple_matches_836101	playlist_import_multiple_matches_status
playlists.xml	ui_no_match_434b19	playlist_import_no_match_status
playlists.xml	ui_import_into_remote_playlist_use_song_artist_on_each_line_lynmusic_84c652	playlist_import_remote_hint
playlists.xml	ui_imagine_john_lennon_hello_adele_6be00e	playlist_import_text_example
playlists.xml	ui_import_text_73ed57	playlist_import_text_label
playlists.xml	ui_import_playlist_874fa2	playlist_import_title
playlists.xml	ui_importing_f0a798	playlist_importing_status
playlists.xml	ui_playlist_name_eabfc0	playlist_name_label
playlists.xml	ui_reading_songs_in_please_wait_3e2557	playlist_named_tracks_loading_hint
playlists.xml	ui_new_playlist_f765bd	playlist_new_title
playlists.xml	ui_opening_playlist_c920b4	playlist_opening_status
playlists.xml	ui_remove_from_playlist_d0e182	playlist_remove_track_action
playlists.xml	ui_rename_1cd80f	playlist_rename_action
playlists.xml	ui_rename_playlist_1f19ee	playlist_rename_title
playlists.xml	ui_select_a_playlist_bd2b4b	playlist_select_title
playlists.xml	ui_select_a_playlist_on_the_left_to_view_its_songs_and_start_playbac_8ed674	playlist_selection_hint
playlists.xml	ui_switch_back_to_or_select_another_source_filter_0eb719	playlist_source_filter_hint
playlists.xml	ui_no_songs_in_this_source_e89731	playlist_source_tracks_empty
playlists.xml	ui_sync_remote_playlists_a7160c	playlist_sync_remote_action
playlists.xml	ui_reading_playlist_songs_please_wait_108b4d	playlist_tracks_loading_hint
playlists.xml	ui_add_the_current_song_from_the_player_to_play_and_manage_it_here_348f90	playlists_add_current_track_hint
playlists.xml	ui_back_to_playlists_b91f23	playlists_back_to_list
playlists.xml	ui_playlists_and_songs_are_loading_in_the_background_please_wait_9c4929	playlists_background_loading_hint
playlists.xml	ui_add_the_current_song_from_the_player_or_create_an_empty_playlist_7b199f	playlists_create_empty_hint
playlists.xml	ui_loading_playlists_4813a1	playlists_loading_progress
playlists.xml	ui_loading_playlists_b3060d	playlists_loading_title
playlists.xml	ui_no_regular_playlists_yet_0267d3	playlists_local_empty_title
playlists.xml	ui_navidrome_remote_playlists_are_shown_changes_are_synced_directly_d02ac5	playlists_online_sync_hint
playlists.xml	ui_no_remote_playlists_yet_create_an_empty_playlist_to_get_started_509824	playlists_remote_empty_hint
playlists.xml	ui_adjust_your_search_or_clear_it_to_see_all_playlists_1f44c6	playlists_search_empty_hint
playlists.xml	ui_no_matching_playlists_ff3a6f	playlists_search_empty_title
playlists.xml	ui_regular_playlists_can_contain_both_local_songs_and_subsonic_compa_962c5f	playlists_supported_track_types_hint
playlists.xml	ui_no_playlists_available_f3a881	playlists_unavailable_title
settings.xml	ui_view_developer_project_and_wechat_information_9d1dea	about_app_information_hint
settings.xml	ui_developer_project_and_wechat_information_565026	about_app_information_summary
settings.xml	ui_version_unavailable_2d45d9	about_version_unavailable
settings.xml	ui_allow_background_operation_fbd329	cast_allow_background_operation
settings.xml	ui_allow_lynmusic_to_run_freely_in_the_background_or_disable_battery_437cf3	cast_background_permission_hint
settings.xml	ui_if_the_next_song_does_not_cast_while_the_app_is_in_the_background_313a5f	cast_background_suspension_hint
settings.xml	ui_how_to_fix_background_casting_failures_bb3771	cast_background_troubleshooting_title
settings.xml	ui_default_c8d09c	common_default
settings.xml	ui_not_configured_5838d0	common_not_configured
settings.xml	ui_change_location_8e6441	data_location_change_action
settings.xml	ui_change_data_location_ce053f	data_location_change_title
settings.xml	ui_cleaning_up_32cc1e	data_location_cleanup_status
settings.xml	ui_current_path_f6a117	data_location_current_path
settings.xml	ui_the_database_settings_credentials_downloaded_music_and_caches_at_2043cd	data_location_discard_confirmation_description
settings.xml	ui_permanently_discard_old_data_b0ab19	data_location_discard_confirmation_title
settings.xml	ui_discard_old_data_6a6522	data_location_discard_old_data
settings.xml	ui_permanently_discard_043252	data_location_discard_permanently_action
settings.xml	ui_migrate_old_data_bf13dd	data_location_migrate_old_data
settings.xml	ui_a_lynmusic_folder_will_be_created_at_the_selected_location_change_45ff25	data_location_new_folder_hint
settings.xml	ui_new_data_folder_2cacff	data_location_new_folder_label
settings.xml	ui_choose_what_to_do_with_all_app_data_at_the_current_location_6c2d03	data_location_old_data_strategy_hint
settings.xml	ui_old_data_awaiting_cleanup_6bf0fa	data_location_pending_cleanup_path
settings.xml	ui_reading_fcabad	data_location_reading_path_status
settings.xml	ui_retry_cleanup_de4993	data_location_retry_cleanup
settings.xml	ui_the_data_location_settings_are_saved_the_app_will_exit_reopen_lyn_180c3a	data_location_saved_restart_hint
settings.xml	ui_data_location_b590be	data_location_title
settings.xml	ui_show_lyrics_in_a_system_overlay_even_when_the_app_is_in_the_backg_a2ad95	desktop_lyrics_settings_hint
settings.xml	ui_desktop_lyrics_509566	desktop_lyrics_settings_title
settings.xml	ui_view_system_display_and_hardware_information_for_this_device_or_c_c9b91b	device_info_description
settings.xml	ui_reading_system_display_and_hardware_information_639353	device_info_loading_description
settings.xml	ui_reading_device_information_ec0802	device_info_loading_progress
settings.xml	ui_reading_4a7e2e	device_info_reading_status
settings.xml	ui_view_system_display_and_hardware_information_fe049b	device_info_summary
settings.xml	ui_app_pixel_density_d3c37e	display_app_density
settings.xml	ui_changes_only_the_app_interface_size_not_the_system_display_size_b11790	display_app_scaling_hint
settings.xml	ui_pixel_density_313703	display_density_label
settings.xml	ui_resolution_in_dp_e36f02	display_resolution_dp
settings.xml	ui_compact_c837ed	display_scale_compact
settings.xml	ui_large_43d594	display_scale_large
settings.xml	ui_display_size_54dc2b	display_scale_title
settings.xml	ui_system_resolution_in_dp_971e53	display_system_resolution_dp
settings.xml	ui_delete_font_81b98f	font_delete_action
settings.xml	ui_deleting_6f941d	font_deleting_progress
settings.xml	ui_import_font_4a9676	font_import_action
settings.xml	ui_import_ttf_or_otf_fonts_to_use_them_in_lyrics_sharing_images_067fc3	font_import_description
settings.xml	ui_fonts_imported_3b803b	font_imported_count
settings.xml	ui_no_imported_fonts_yet_b25324	font_imported_list_empty_hint
settings.xml	ui_no_imported_fonts_59322f	font_imported_list_empty_title
settings.xml	ui_reading_imported_fonts_8e5f50	font_imported_list_loading
settings.xml	ui_importing_3c5abf	font_importing_progress
settings.xml	ui_lyrics_sharing_fonts_a93167	font_share_library_title
settings.xml	ui_clear_lrcapi_f1b012	lyrics_lrcapi_clear_action
settings.xml	ui_lrcapi_request_url_293981	lyrics_lrcapi_request_url
settings.xml	ui_this_entry_manages_the_request_url_saving_creates_the_reserved_di_bcd1c6	lyrics_lrcapi_reserved_source_hint
settings.xml	ui_save_lrcapi_d7761d	lyrics_lrcapi_save_action
settings.xml	ui_clear_musicmatch_3afefc	lyrics_musicmatch_clear_action
settings.xml	ui_this_entry_manages_the_usertoken_saving_creates_the_reserved_work_089931	lyrics_musicmatch_reserved_source_hint
settings.xml	ui_save_musicmatch_ba1208	lyrics_musicmatch_save_action
settings.xml	ui_address_67d2d7	lyrics_source_address_label
settings.xml	ui_clear_editor_946d64	lyrics_source_clear_editor
settings.xml	ui_delete_it_will_no_longer_be_used_for_lyrics_search_and_matching_daee79	lyrics_source_delete_confirmation
settings.xml	ui_delete_lyrics_source_f077bf	lyrics_source_delete_title
settings.xml	ui_enable_lyrics_source_a1cca0	lyrics_source_enable_label
settings.xml	ui_existing_configurations_358ea4	lyrics_source_existing_configurations
settings.xml	ui_extraction_rules_841545	lyrics_source_extraction_rules
settings.xml	ui_headers_one_key_value_per_line_da2dac	lyrics_source_headers_hint
settings.xml	ui_direct_sources_use_a_declarative_extractor_workflow_sources_are_i_57b6d8	lyrics_source_kinds_description
settings.xml	ui_lyrics_source_name_adba7d	lyrics_source_name_label
settings.xml	ui_new_0cda8d	lyrics_source_new_action
settings.xml	ui_add_a_working_api_the_player_will_request_and_cache_lyrics_in_pri_4a4aea	lyrics_source_priority_hint
settings.xml	ui_priority_7cabe7	lyrics_source_priority_label
settings.xml	ui_query_template_d8fb3e	lyrics_source_query_template
settings.xml	ui_url_template_f93fac	lyrics_source_url_template
settings.xml	ui_no_lyrics_sources_yet_a99f56	lyrics_sources_empty_title
settings.xml	ui_configure_lyrics_apis_search_sources_and_playback_cache_3bf97a	lyrics_sources_settings_description
settings.xml	ui_configure_lyrics_apis_and_search_sources_91bb64	lyrics_sources_settings_summary
settings.xml	ui_show_lyrics_and_previous_play_pause_and_next_controls_in_the_maco_beebb9	mac_menu_bar_lyrics_hint
settings.xml	ui_menu_bar_lyrics_and_controls_81e947	mac_menu_bar_lyrics_title
settings.xml	ui_improves_audio_format_support_on_some_android_devices_changes_tak_1df4fb	playback_ffmpeg_decoder_hint
settings.xml	ui_ffmpeg_extension_decoder_37f03e	playback_ffmpeg_decoder_title
settings.xml	ui_mobile_data_a0e635	playback_mobile_data_quality
settings.xml	ui_applies_to_navidrome_and_subsonic_songs_changes_take_effect_when_8b9556	playback_remote_quality_change_hint
settings.xml	ui_remote_playback_quality_27e134	playback_remote_quality_title
settings.xml	ui_choose_how_artwork_appears_in_the_player_abd243	player_artwork_style_hint
settings.xml	ui_minimal_large_artwork_d5601d	player_artwork_style_minimal
settings.xml	ui_partially_visible_record_b0d087	player_artwork_style_record
settings.xml	ui_player_artwork_style_e00a9b	player_artwork_style_title
settings.xml	ui_vinyl_cc905c	player_artwork_style_vinyl
settings.xml	ui_show_lyrics_below_the_artwork_in_the_single_pane_mobile_player_990f33	player_lyrics_visibility_hint
settings.xml	ui_show_lyrics_on_the_player_3c04d3	player_lyrics_visibility_title
settings.xml	ui_restore_the_last_queue_and_position_on_startup_and_start_playback_a8a438	player_startup_autoplay_hint
settings.xml	ui_play_automatically_on_startup_7d19d5	player_startup_autoplay_title
settings.xml	ui_open_the_fullscreen_player_after_restoring_the_last_song_on_start_93ef55	player_startup_fullscreen_hint
settings.xml	ui_open_fullscreen_player_on_startup_481f61	player_startup_fullscreen_title
settings.xml	ui_manage_player_lyrics_and_general_platform_settings_565ebc	settings_general_description
settings.xml	ui_manage_player_lyrics_and_general_platform_settings_04be64	settings_general_summary
settings.xml	ui_general_1a0fdc	settings_general_title
settings.xml	ui_common_questions_about_casting_and_background_operation_8c2cfe	settings_help_description
settings.xml	ui_help_adf465	settings_help_title
settings.xml	ui_lyrics_315d81	settings_lyrics_title
settings.xml	ui_changes_take_effect_on_the_next_startup_1c74a3	settings_restart_effect_hint
settings.xml	ui_restart_required_0e624c	settings_restart_required
settings.xml	ui_downloaded_artwork_and_local_artwork_created_by_scans_or_tag_edit_e567dc	storage_artwork_cache_description
settings.xml	ui_excludes_database_settings_and_credential_files_4b278c	storage_cleanup_exclusions_hint
settings.xml	ui_view_and_clear_cached_data_27c2bf	storage_cleanup_summary
settings.xml	ui_temporary_images_created_when_sharing_lyrics_4611e3	storage_lyrics_share_temporary_description
settings.xml	ui_view_storage_usage_clear_caches_and_manage_the_app_data_location_62fd62	storage_management_description
settings.xml	ui_non_local_music_downloaded_manually_to_this_device_33beae	storage_offline_music_description
settings.xml	ui_storage_paths_74576d	storage_paths_title
settings.xml	ui_temporary_local_audio_files_used_for_smb_playback_6db2c1	storage_samba_cache_description
settings.xml	ui_temporary_files_used_while_editing_tag_artwork_71a49e	storage_tags_temporary_description
settings.xml	ui_background_color_9ad28b	theme_background_color
settings.xml	ui_black_text_9239ec	theme_black_text
settings.xml	ui_classic_black_c0c001	theme_classic_dark
settings.xml	ui_classic_white_043700	theme_classic_light
settings.xml	ui_select_a_color_to_apply_it_immediately_read_only_color_values_rem_789c3a	theme_color_selection_hint
settings.xml	ui_custom_interface_colors_dc16c8	theme_custom_colors_title
settings.xml	ui_custom_theme_76e1a9	theme_custom_title
settings.xml	ui_forest_70f4c1	theme_forest
settings.xml	ui_preset_theme_a8bba8	theme_preset_label
settings.xml	ui_primary_color_00eee0	theme_primary_color
settings.xml	ui_reset_custom_theme_08837c	theme_reset_custom_colors
settings.xml	ui_sandstone_01dda0	theme_sandstone
settings.xml	ui_select_color_91732e	theme_select_color_title
settings.xml	ui_selection_focus_color_62c74a	theme_selection_color
settings.xml	ui_choose_a_preset_theme_customize_interface_colors_and_select_black_90cdaa	theme_settings_description
settings.xml	ui_choose_preset_themes_custom_colors_and_text_colors_0f12ad	theme_settings_summary
settings.xml	ui_theme_e848dd	theme_settings_title
settings.xml	ui_black_or_white_text_is_saved_separately_for_the_theme_the_player_27e1c3	theme_text_color_scope_hint
settings.xml	ui_text_color_07f568	theme_text_color_title
settings.xml	ui_white_text_211669	theme_white_text
settings.xml	ui_detected_path_51ef69	vlc_detected_path_label
settings.xml	ui_automatically_detected_34f7dc	vlc_path_auto_detected
settings.xml	ui_manually_selected_94dc01	vlc_path_manually_selected
settings.xml	ui_vlc_path_not_detected_2ed8ad	vlc_path_not_detected
settings.xml	ui_the_selected_path_initializes_the_desktop_player_on_the_next_star_6a31e8	vlc_path_startup_hint
settings.xml	ui_vlc_player_path_76de85	vlc_player_path_title
settings.xml	ui_select_vlc_path_fe1ec8	vlc_select_path_action
settings.xml	ui_use_detected_path_1b818c	vlc_use_detected_path
settings.xml	ui_closing_the_window_minimizes_to_the_dock_when_enabled_or_exits_th_ef3215	window_close_minimize_hint
settings.xml	ui_minimize_when_closing_the_window_e2574c	window_close_minimize_title
settings.xml	ui_create_or_edit_a_multi_stage_lyrics_source_search_songs_select_a_6b44e4	workflow_editor_description
settings.xml	ui_new_workflow_2ca2b9	workflow_new_action
settings.xml	ui_save_workflow_b2ab05	workflow_save_action
settings.xml	ui_saved_to_lyrics_sources_244cf0	workflow_saved_to_sources
sources.xml	ui_favorite_albums_c65b05	favorites_albums_title
sources.xml	ui_favorite_artists_0b1959	favorites_artists_title
sources.xml	ui_favorite_folders_5fba5c	favorites_folders_title
sources.xml	ui_try_all_sources_change_the_filter_or_add_favorites_from_another_s_d3a567	favorites_source_filter_empty_hint
sources.xml	ui_favorite_songs_085510	favorites_tracks_title
sources.xml	ui_no_failed_paths_to_display_for_this_scan_697c4f	import_scan_failures_empty_hint
sources.xml	ui_files_that_failed_to_scan_53b7ac	import_scan_failures_title
sources.xml	ui_no_songs_in_this_album_5c8255	library_album_tracks_empty_title
sources.xml	ui_no_songs_in_this_album_match_the_current_filter_9f3e08	library_album_tracks_filter_empty_hint
sources.xml	ui_loading_album_songs_cebd9b	library_album_tracks_loading
sources.xml	ui_visible_songs_in_this_album_1ffdcc	library_album_visible_tracks_description
sources.xml	ui_all_songs_08d1e3	library_all_tracks_label
sources.xml	ui_no_album_information_for_this_artist_b38c49	library_artist_album_metadata_missing
sources.xml	ui_the_visible_songs_by_this_artist_do_not_have_usable_album_tags_e553e9	library_artist_album_tags_missing_hint
sources.xml	ui_no_albums_to_display_for_this_artist_8971b7	library_artist_albums_empty_title
sources.xml	ui_loading_artist_albums_f4c343	library_artist_albums_loading
sources.xml	ui_artist_details_for_the_current_filter_ffd31a	library_artist_filtered_detail_description
sources.xml	ui_no_songs_by_this_artist_4b9e47	library_artist_tracks_empty_title
sources.xml	ui_no_songs_by_this_artist_match_the_current_filter_9a3a9e	library_artist_tracks_filter_empty_hint
sources.xml	ui_visible_albums_by_this_artist_0e20a5	library_artist_visible_albums_description
sources.xml	ui_visible_songs_by_this_artist_0d4cfe	library_artist_visible_tracks_description
sources.xml	ui_song_data_is_still_being_organized_in_the_background_please_wait_ce7ef6	library_background_indexing_hint
sources.xml	ui_no_matching_d0935f	library_category_filter_empty_title
sources.xml	ui_date_added_e5df60	library_date_added_sort
sources.xml	ui_import_a_local_folder_samba_webdav_navidrome_subsonic_or_emby_sou_81ee94	library_empty_import_hint
sources.xml	ui_no_songs_directly_in_this_folder_482e71	library_folder_direct_tracks_empty
sources.xml	ui_switch_to_a_locally_indexed_source_to_browse_folders_here_b5302d	library_folder_local_source_required
sources.xml	ui_songs_in_this_folder_dba845	library_folder_tracks_description
sources.xml	ui_no_songs_in_this_folder_match_the_current_filter_9c4ef2	library_folder_tracks_filter_empty_hint
sources.xml	ui_no_songs_imported_yet_d8786e	library_imported_tracks_empty_title
sources.xml	ui_load_more_3a0fab	library_load_more_action
sources.xml	ui_loaded_songs_784f17	library_loaded_track_count
sources.xml	ui_loaded_of_songs_a09a65	library_loaded_track_progress
sources.xml	ui_loading_5c617b	library_loading_named_category
sources.xml	ui_loading_ce56f6	library_loading_status
sources.xml	ui_artist_albums_returned_by_navidrome_f93404	library_navidrome_artist_albums_description
sources.xml	ui_navidrome_returned_no_albums_for_this_artist_d88fa6	library_navidrome_artist_albums_empty_hint
sources.xml	ui_fetching_artist_albums_from_navidrome_5d8cc4	library_navidrome_artist_albums_loading_hint
sources.xml	ui_reading_album_songs_from_the_online_source_8b0a37	library_online_album_loading_hint
sources.xml	ui_online_artist_details_8e8aae	library_online_artist_detail_title
sources.xml	ui_play_all_songs_18d658	library_play_all_tracks
sources.xml	ui_play_count_098e31	library_play_count_sort
sources.xml	ui_play_loaded_songs_72fb9c	library_play_loaded_tracks
sources.xml	ui_remote_song_count_unknown_aadeaa	library_remote_track_count_unknown
sources.xml	ui_try_adjusting_your_search_or_changing_the_source_filter_29ed6b	library_search_filter_empty_hint
sources.xml	ui_search_songs_artists_albums_folders_ee89e2	library_search_with_folders_placeholder
sources.xml	ui_select_source_5551ce	library_select_source
sources.xml	ui_sort_songs_53e12a	library_sort_tracks
sources.xml	ui_no_in_this_source_a26400	library_source_category_empty_title
sources.xml	ui_try_all_sources_change_the_filter_or_adjust_your_search_3b343b	library_source_filter_empty_hint
sources.xml	ui_this_source_does_not_support_folder_browsing_cc7e3b	library_source_folder_browsing_unsupported
sources.xml	ui_add_a_source_to_see_its_songs_in_the_library_the_player_will_sear_7f6df2	library_source_import_hint
sources.xml	ui_source_root_folder_42a077	library_source_root_folder
sources.xml	ui_browse_subfolders_to_find_more_songs_9d518c	library_subfolders_browse_hint
sources.xml	ui_subfolders_in_this_folder_125756	library_subfolders_description
sources.xml	ui_loading_songs_9bf797	library_tracks_loading
sources.xml	ui_updating_library_9e274e	library_updating_status
sources.xml	ui_showing_86138b	library_visible_count
sources.xml	ui_showing_586b6b	library_visible_count_partial
sources.xml	ui_showing_of_dc8dbd	library_visible_count_progress
sources.xml	ui_built_in_manager_00a770	source_builtin_folder_manager
sources.xml	ui_connect_and_scan_e0afc9	source_connect_and_scan
sources.xml	ui_connect_and_sync_423e8c	source_connect_and_sync
sources.xml	ui_connected_sources_fe2b59	source_connected_list_title
sources.xml	ui_continue_rescan_853513	source_continue_rescan
sources.xml	ui_delete_indexed_songs_and_related_caches_will_also_be_removed_9f472f	source_delete_confirmation
sources.xml	ui_edit_emby_source_73091f	source_edit_emby_title
sources.xml	ui_edit_navidrome_source_387010	source_edit_navidrome_title
sources.xml	ui_edit_samba_source_08868a	source_edit_samba_title
sources.xml	ui_edit_subsonic_source_b58149	source_edit_subsonic_title
sources.xml	ui_edit_source_8df2c3	source_edit_title
sources.xml	ui_edit_webdav_source_488773	source_edit_webdav_title
sources.xml	ui_in_app_emby_import_is_not_available_on_this_platform_yet_ffb5f3	source_emby_import_unsupported
sources.xml	ui_use_the_system_file_manager_or_the_built_in_manager_to_import_loc_4886b1	source_folder_manager_selection_hint
sources.xml	ui_select_folder_manager_bd734c	source_folder_manager_title
sources.xml	ui_import_all_d5e350	source_import_all_action
sources.xml	ui_import_sources_c25992	source_import_title
sources.xml	ui_songs_imported_3054ba	source_imported_track_count
sources.xml	ui_lan_preferred_address_67a03a	source_lan_address_label
sources.xml	ui_edit_connection_settings_test_connectivity_and_enable_or_disable_58f41d	source_management_hint
sources.xml	ui_in_app_navidrome_import_is_not_available_on_this_platform_yet_8503c0	source_navidrome_import_unsupported
sources.xml	ui_large_navidrome_library_8b7bad	source_navidrome_large_library_title
sources.xml	ui_online_58ec26	source_online_badge
sources.xml	ui_the_remote_library_contains_songs_online_mode_stores_only_the_sou_052dd1	source_online_import_all_hint
sources.xml	ui_contains_remote_songs_online_mode_hides_and_retains_the_old_local_3b6cfe	source_online_rescan_confirmation
sources.xml	ui_password_optional_e9dd8c	source_optional_password_placeholder
sources.xml	ui_username_optional_4744a6	source_optional_username_placeholder
sources.xml	ui_grant_access_again_203ccc	source_reauthorize_folder
sources.xml	ui_songs_in_the_remote_library_cb3652	source_remote_library_track_count
sources.xml	ui_path_share_subfolder_5f62fd	source_samba_path_label
sources.xml	ui_on_this_platform_mount_smb_in_the_system_files_app_then_import_it_46bf0b	source_samba_system_mount_hint
sources.xml	ui_save_and_rescan_54514e	source_save_and_rescan
sources.xml	ui_api_key_blank_to_keep_80cf7b	source_saved_api_key_placeholder
sources.xml	ui_credentials_are_saved_leave_the_password_blank_to_keep_them_f7f862	source_saved_credentials_hint
sources.xml	ui_password_blank_to_keep_9e5f3f	source_saved_password_placeholder
sources.xml	ui_scanning_59dcfd	source_scanning_named_type
sources.xml	ui_scanning_320639	source_scanning_status
sources.xml	ui_scanning_source_ac14b4	source_scanning_title
sources.xml	ui_select_folder_ed3580	source_select_folder
sources.xml	ui_allow_self_signed_certificates_2ef219	source_self_signed_certificates_label
sources.xml	ui_in_app_subsonic_import_is_not_available_on_this_platform_yet_864963	source_subsonic_import_unsupported
sources.xml	ui_index_local_folders_in_place_or_connect_to_samba_webdav_navidrome_ad08ac	source_supported_types_description
sources.xml	ui_system_file_manager_f7d2b2	source_system_folder_manager
sources.xml	ui_the_system_file_manager_uses_the_system_permission_flow_if_unavai_e68eac	source_system_folder_manager_hint
sources.xml	ui_no_system_file_manager_is_available_local_music_will_be_imported_8eabeb	source_system_folder_manager_unavailable_hint
sources.xml	ui_grant_folder_access_with_the_system_picker_and_build_an_index_fb4588	source_system_folder_permission_hint
sources.xml	ui_test_connection_10b7d8	source_test_connection
sources.xml	ui_songs_subfolders_aa616f	library_folder_track_and_subfolder_counts
sources.xml	ui_updating_3d2a68	source_updating_named_type
sources.xml	ui_username_password_7e7cb8	source_username_password_authentication
sources.xml	ui_wan_address_f51e63	source_wan_address_label
sources.xml	ui_in_app_webdav_import_is_not_available_on_this_platform_yet_d48eb4	source_webdav_import_unsupported
sources.xml	ui_root_url_794f96	source_webdav_root_url_label
sources.xml	ui_no_sources_yet_2552ca	sources_empty_title
startup.xml	ui_the_active_data_folder_is_unavailable_restore_the_disk_or_folder_a25cf1	startup_active_folder_recovery_hint
startup.xml	ui_cancel_change_c3a8e5	startup_cancel_location_change
startup.xml	ui_copy_error_logs_a5d6e0	startup_copy_error_logs
startup.xml	ui_this_version_cannot_open_the_local_database_the_database_has_been_e176db	startup_database_version_data_preserved
startup.xml	ui_incompatible_database_version_update_the_app_or_restore_a_backup_0c349c	startup_database_version_recovery_hint
startup.xml	ui_data_location_change_failed_42a973	startup_location_change_failed
startup.xml	ui_the_active_location_has_not_changed_check_disk_space_and_permissi_3831e6	startup_location_change_retry_hint
startup.xml	ui_logs_copied_48247d	startup_logs_copied
startup.xml	ui_keep_the_app_open_lynmusic_will_open_automatically_when_data_prep_77536d	startup_preparation_wait_hint
tags.xml	ui_album_artist_68f758	tags_album_artist_label
tags.xml	ui_artist_038f7a	tags_artist_label
tags.xml	ui_song_artwork_5c9ca5	tags_artwork_label
tags.xml	ui_back_to_list_53505b	tags_back_to_list
tags.xml	ui_change_artwork_8c7609	tags_change_artwork
tags.xml	ui_clear_artwork_cb93d8	tags_clear_artwork
tags.xml	ui_comment_4d8de8	tags_comment_label
tags.xml	ui_compilation_ce3850	tags_compilation_label
tags.xml	ui_composer_71448b	tags_composer_label
tags.xml	ui_continue_editing_3a481b	tags_continue_editing
tags.xml	ui_current_editor_da1669	tags_current_editor_label
tags.xml	ui_tag_details_2a9b34	tags_details_title
tags.xml	ui_this_device_only_supports_viewing_local_tags_d32171	tags_device_read_only_hint
tags.xml	ui_writing_audio_tags_is_not_supported_on_this_device_yet_d93476	tags_device_write_unsupported_hint
tags.xml	ui_disc_number_208164	tags_disc_number_label
tags.xml	ui_discard_and_go_back_c6bd29	tags_discard_and_go_back
tags.xml	ui_discard_and_switch_49c3c4	tags_discard_and_switch
tags.xml	ui_discard_unsaved_changes_0b849d	tags_discard_changes_title
tags.xml	ui_tag_editor_4a96d1	tags_editor_label
tags.xml	ui_embedded_lyrics_8f850d	tags_embedded_lyrics_label
tags.xml	ui_file_name_1275f6	tags_file_name_label
tags.xml	ui_tags_can_be_saved_to_local_folders_with_file_access_permission_ot_c1bb20	tags_folder_write_permission_hint
tags.xml	ui_tag_format_c6948d	tags_format_label
tags.xml	ui_genre_998f0b	tags_genre_label
tags.xml	ui_local_songs_are_still_being_organized_in_the_background_please_wa_020d8f	tags_library_loading_hint
tags.xml	ui_loading_local_songs_eb08bd	tags_loading_tracks
tags.xml	ui_only_local_folder_sources_are_shown_select_a_song_on_the_left_to_13d9ca	tags_local_editor_hint
tags.xml	ui_import_a_local_folder_on_the_sources_page_to_see_editable_songs_h_67f46c	tags_local_import_hint
tags.xml	ui_local_songs_1dc00f	tags_local_tracks_title
tags.xml	ui_help_682bce	tags_named_field_help
tags.xml	ui_new_artwork_preview_6142cd	tags_new_artwork_preview
tags.xml	ui_online_search_81e35c	tags_online_search_title
tags.xml	ui_reading_audio_tags_682d36	tags_reading_progress
tags.xml	ui_refreshing_ea0ab1	tags_refreshing_progress
tags.xml	ui_this_song_was_imported_as_read_only_through_saf_rescan_the_source_a27fb0	tags_saf_read_only_hint
tags.xml	ui_saving_6644f0	tags_saving_progress
tags.xml	ui_search_lyrics_online_770e7b	tags_search_lyrics_online
tags.xml	ui_select_a_song_05bfb1	tags_select_track_title
tags.xml	ui_the_song_tags_have_not_been_saved_switching_songs_will_discard_yo_da3478	tags_switch_discards_changes_hint
tags.xml	ui_track_number_d19e86	tags_track_number_label
tags.xml	ui_select_a_local_song_on_the_left_to_view_its_tags_and_artwork_here_3221a8	tags_track_selection_hint
tags.xml	ui_no_local_songs_yet_68e2b2	tags_tracks_empty_title
tags.xml	ui_view_help_30cdea	tags_view_help
tags.xml	ui_year_c668c7	tags_year_label
tv.xml	ui_generating_5f5766	recommendations_generating_status
tv.xml	ui_no_albums_2b66a9	tv_albums_empty_title
tv.xml	ui_no_albums_match_the_current_filter_59a6df	tv_albums_filter_empty_hint
tv.xml	ui_no_artists_ec924d	tv_artists_empty_title
tv.xml	ui_no_artists_match_the_current_filter_3d193c	tv_artists_filter_empty_hint
tv.xml	ui_import_a_local_folder_samba_webdav_navidrome_or_subsonic_source_s_8f0dd1	tv_library_import_hint
tv.xml	ui_recent_plays_and_daily_recommendations_0e04e2	tv_my_music_description
tv.xml	ui_play_all_1fd986	tv_play_all_action
tv.xml	ui_plays_662686	tv_play_count
tv.xml	ui_nothing_playing_yet_eede0d	tv_player_idle_title
tv.xml	ui_select_a_song_to_start_playback_b20153	tv_player_select_track_hint
tv.xml	ui_player_8690d3	tv_player_title
tv.xml	ui_recent_albums_e5b2c6	tv_recent_albums_title
tv.xml	ui_no_recent_plays_83aebe	tv_recent_plays_empty_title
tv.xml	ui_recent_plays_6a89e7	tv_recent_plays_title
tv.xml	ui_recommendations_will_appear_once_the_library_has_songs_bfc7c2	tv_recommendations_empty_hint
tv.xml	ui_clear_search_318ea1	tv_search_clear_query
tv.xml	ui_try_adjusting_your_search_f76a54	tv_search_empty_hint
tv.xml	ui_search_favorites_eb0608	tv_search_favorites
tv.xml	ui_search_library_31ff2d	tv_search_library
tv.xml	ui_songs_artists_albums_05a43c	tv_search_placeholder
tv.xml	ui_search_songs_1828bd	tv_search_result_track_count
tv_settings.xml	ui_view_version_developer_project_and_wechat_information_bc4e3a	tv_about_app_information_hint
tv_settings.xml	ui_app_name_2d87d5	tv_about_app_name
tv_settings.xml	ui_version_and_project_website_86f456	tv_about_app_version_description
tv_settings.xml	ui_system_and_hardware_information_259a1d	tv_device_information_description
tv_settings.xml	ui_view_system_display_and_hardware_information_for_this_tv_or_car_d_5a4201	tv_device_information_hint
tv_settings.xml	ui_device_information_b6f86d	tv_device_information_title
tv_settings.xml	ui_notice_ab3656	tv_settings_notice_title
tv_settings.xml	ui_optional_53e328	tv_settings_optional_field
tv_settings.xml	ui_reading_b21b63	tv_settings_reading_label
tv_settings.xml	ui_reading_ebb36a	tv_settings_reading_progress
tv_settings.xml	ui_settings_unavailable_f8ae1d	tv_settings_unavailable_title
tv_settings.xml	ui_add_source_f297f0	tv_source_add_action
tv_settings.xml	ui_add_and_scan_7b7ba2	tv_source_add_and_scan
tv_settings.xml	ui_add_a_local_folder_samba_webdav_navidrome_subsonic_or_emby_source_61877b	tv_source_add_hint
tv_settings.xml	ui_add_source_ac0398	tv_source_add_named_type
tv_settings.xml	ui_allow_insecure_tls_79257e	tv_source_allow_insecure_tls
tv_settings.xml	ui_api_key_authentication_3f2bde	tv_source_api_key_authentication
tv_settings.xml	ui_delete_c418c8	tv_source_delete_confirmation
tv_settings.xml	ui_edit_source_62273d	tv_source_edit_named_type
tv_settings.xml	ui_import_and_scan_music_561e2f	tv_source_import_title
tv_settings.xml	ui_last_scan_failed_23e4cf	tv_source_last_scan_error
tv_settings.xml	ui_manage_local_samba_webdav_navidrome_subsonic_and_emby_music_sourc_a6c279	tv_source_management_description
tv_settings.xml	ui_not_scanned_yet_ae220c	tv_source_not_scanned_hint
tv_settings.xml	ui_not_scanned_81d39e	tv_source_not_scanned_status
tv_settings.xml	ui_root_address_f7b93c	tv_source_root_address
tv_settings.xml	ui_shared_music_a70278	tv_source_samba_path_example
tv_settings.xml	ui_save_and_scan_9c1a5d	tv_source_save_and_scan
tv_settings.xml	ui_leave_blank_to_keep_the_saved_api_key_eff3fa	tv_source_saved_api_key_hint
tv_settings.xml	ui_leave_blank_to_keep_the_saved_password_d55efa	tv_source_saved_password_hint
tv_settings.xml	ui_server_30d94c	tv_source_server_label
tv_settings.xml	ui_test_0b5d7e	tv_source_test_connection
tv_settings.xml	ui_tracks_5c549d	tv_source_track_summary
tv_settings.xml	ui_no_sources_yet_9ee997	tv_sources_empty_title
tv_settings.xml	ui_downloaded_artwork_and_local_artwork_created_by_scans_or_tag_edit_2f0634	tv_storage_artwork_cache_description
tv_settings.xml	ui_caches_and_local_files_ba8f55	tv_storage_caches_title
tv_settings.xml	ui_temporary_images_created_when_sharing_lyrics_e202af	tv_storage_lyrics_share_temporary_description
tv_settings.xml	ui_view_and_clear_manageable_caches_on_this_tv_by_category_f99589	tv_storage_management_hint
tv_settings.xml	ui_non_local_music_downloaded_manually_to_this_device_9105f6	tv_storage_offline_music_description
tv_settings.xml	ui_temporary_local_audio_files_used_for_smb_playback_e02f1c	tv_storage_samba_cache_description
tv_settings.xml	ui_temporary_files_used_while_editing_tag_artwork_f8c71b	tv_storage_tags_temporary_description
